AAPL,20160104,105.3500,105.3700,102.0000,102.6100,67649400
AAPL,20160105,102.7100,105.8500,102.4100,105.7500,55791000
AAPL,20160106,100.7000,102.3700,99.8700,100.5600,68457400
AAPL,20160107,96.4500,100.1300,96.4300,98.6800,81094400
AAPL,20160108,96.9600,99.1100,96.7600,98.5500,70798000
AAPL,20160111,98.5300,99.0600,97.3400,98.9700,49739400
AAPL,20160112,99.9600,100.6900,98.8400,100.5500,49154200
AAPL,20160113,97.3900,101.1900,97.3000,100.3200,62439600
AAPL,20160114,99.5200,100.4800,95.7400,97.9600,63170100
AAPL,20160115,97.1300,97.7100,95.3600,96.2000,79010000
AAPL,20160119,96.6600,98.6500,95.5000,98.4100,53087700
AAPL,20160120,96.7900,98.1900,93.4200,95.1000,72334400
AAPL,20160121,96.3000,97.8800,94.9400,97.0600,52161500
AAPL,20160122,101.4200,101.4600,98.3700,98.6300,65800500
AAPL,20160125,99.4400,101.5300,99.2100,101.5200,51794500
AAPL,20160126,99.9900,100.8800,98.0700,99.9300,75077000
AAPL,20160127,93.4200,96.6300,93.3400,96.0400,133369696
AAPL,20160128,94.0900,94.5200,92.3900,93.7900,55678800
AAPL,20160129,97.3400,97.3400,94.3500,94.7900,64416500
AAPL,20160201,96.4300,96.7100,95.4000,96.4700,40943500
AAPL,20160202,94.4800,96.0400,94.2800,95.4200,37357200
AAPL,20160203,96.3500,96.8400,94.0800,95.0000,45964300
AAPL,20160204,96.6000,97.3300,95.1900,95.8600,46471700
AAPL,20160205,94.0200,96.9200,93.6900,96.5200,46418100
AAPL,20160208,95.0100,95.7000,93.0400,93.1300,54021400
AAPL,20160209,94.9900,95.9400,93.9300,94.2900,44331200
AAPL,20160210,94.2700,96.3500,94.1000,95.9200,42343600
AAPL,20160211,93.7000,94.7200,92.5900,93.7900,50074700
AAPL,20160212,93.9900,94.5000,93.0100,94.1900,40351400
AAPL,20160216,96.6400,96.8500,94.6100,95.0200,49057900
AAPL,20160217,98.1200,98.2100,96.1500,96.6700,44863200
AAPL,20160218,96.2600,98.8900,96.0900,98.8400,39021000
AAPL,20160219,96.0400,96.7600,95.8000,96.0000,35374200
AAPL,20160222,96.8800,96.9000,95.9200,96.3100,34280800
AAPL,20160223,94.6900,96.5000,94.5500,96.4000,31942600
AAPL,20160224,96.1000,96.3800,93.3200,93.9800,36255700
AAPL,20160225,96.7600,96.7600,95.2500,96.0500,27582700
AAPL,20160226,96.9100,98.0200,96.5800,97.2000,28991100
AAPL,20160229,96.6900,98.2300,96.6500,96.8600,35216300
AAPL,20160301,100.5300,100.7700,97.4200,97.6500,50407100
AAPL,20160302,100.7500,100.8900,99.6400,100.5100,33169600
AAPL,20160303,101.5000,101.7100,100.4500,100.5800,36955700
AAPL,20160304,103.0100,103.7500,101.3700,102.3700,46055100
AAPL,20160307,101.8700,102.8300,100.9600,102.3900,35828900
AAPL,20160308,101.0300,101.7600,100.4000,100.7800,31561900
AAPL,20160309,101.1200,101.5800,100.2700,101.3100,27201700
AAPL,20160310,101.1700,102.2400,100.1500,101.4100,33513600
AAPL,20160311,102.2600,102.2800,101.5000,102.2400,27408200
AAPL,20160314,102.5200,102.9100,101.7800,101.9100,25076100
AAPL,20160315,104.5800,105.1800,103.8500,103.9600,40067700
AAPL,20160316,105.9700,106.3100,104.5900,104.6100,38303500
AAPL,20160317,105.8000,106.4700,104.9600,105.5200,34420700
AAPL,20160318,105.9200,106.5000,105.1900,106.3400,44205200
AAPL,20160321,105.9100,107.6500,105.1400,105.9300,35502700
AAPL,20160322,106.7200,107.2900,105.2100,105.2500,32444400
AAPL,20160323,106.1300,107.0700,105.9000,106.4800,25703500
AAPL,20160324,105.6700,106.2500,104.8900,105.4700,26133000
AAPL,20160328,105.1900,106.1900,105.0600,106.0000,19411400
AAPL,20160329,107.6800,107.7900,104.8800,104.8900,31190100
AAPL,20160330,109.5600,110.4200,108.6000,108.6500,45601100
AAPL,20160331,108.9900,109.9000,108.8800,109.7200,25888400
AAPL,20160401,109.9900,110.0000,108.2000,108.7800,25874000
AAPL,20160404,111.1200,112.1900,110.2700,110.4200,37356200
AAPL,20160405,109.8100,110.7300,109.4200,109.5100,26578700
AAPL,20160406,110.9600,110.9800,109.2000,110.2300,26404100
AAPL,20160407,108.5400,110.4200,108.1200,109.9500,31801900
AAPL,20160408,108.6600,109.7700,108.1700,108.9100,23581700
AAPL,20160411,109.0200,110.6100,108.8300,108.9700,29407500
AAPL,20160412,110.4400,110.5000,108.6600,109.3400,27232300
AAPL,20160413,112.0400,112.3400,110.8000,110.8000,33257300
AAPL,20160414,112.1000,112.3900,111.3300,111.6200,25473900
AAPL,20160415,109.8500,112.3000,109.7300,112.1100,46939000
AAPL,20160418,107.4800,108.9500,106.9400,108.8900,60834000
AAPL,20160419,106.9100,108.0000,106.2300,107.8800,32384900
AAPL,20160420,107.1300,108.0900,106.0600,106.6400,30611000
AAPL,20160421,105.9700,106.9300,105.5200,106.9300,31552500
AAPL,20160422,105.6800,106.4800,104.6200,105.0100,33683100
AAPL,20160425,105.0800,105.6500,104.5100,105.0000,28031600
AAPL,20160426,104.3500,105.3000,103.9100,103.9100,56016200
AAPL,20160427,97.8200,98.7100,95.6800,96.0000,114602096
AAPL,20160428,94.8300,97.8800,94.2500,97.6100,82242704
AAPL,20160429,93.7400,94.7200,92.5100,93.9900,68531504
AAPL,20160502,93.6400,94.0800,92.4000,93.9700,48160100
AAPL,20160503,95.1800,95.7400,93.6800,94.2000,56831300
AAPL,20160504,94.1900,95.9000,93.8200,95.2000,41025500
AAPL,20160505,93.2400,94.0700,92.6800,94.0000,35890500
AAPL,20160506,92.7200,93.4500,91.8500,93.3700,43458200
AAPL,20160509,92.7900,93.7700,92.5900,93.0000,32936400
AAPL,20160510,93.4200,93.5700,92.1100,93.3300,33686800
AAPL,20160511,92.5100,93.5700,92.4600,93.4800,28719100
AAPL,20160512,90.3400,92.7800,89.4700,92.7200,76314704
AAPL,20160513,90.5200,91.6700,90.0000,90.0000,44392800
AAPL,20160516,93.8800,94.3900,91.6500,92.3900,61259800
AAPL,20160517,93.4900,94.7000,93.0100,94.5500,46916900
AAPL,20160518,94.5600,95.2100,93.8900,94.1600,42062400
AAPL,20160519,94.2000,94.6400,93.5700,94.6400,30442100
AAPL,20160520,95.2200,95.4300,94.5200,94.6400,32026000
AAPL,20160523,96.4300,97.1900,95.6700,95.8700,38018600
AAPL,20160524,97.9000,98.0900,96.8400,97.2200,35140200
AAPL,20160525,99.6200,99.7400,98.1100,98.6700,38168800
AAPL,20160526,100.4100,100.7300,98.6400,99.6800,56331200
AAPL,20160527,100.3500,100.4700,99.2500,99.4400,36229500
AAPL,20160531,99.8600,100.4000,98.8200,99.6000,42307200
AAPL,20160601,98.4600,99.5400,98.3300,99.0200,29173300
AAPL,20160602,97.7200,97.8400,96.6300,97.6000,40191600
AAPL,20160603,97.9200,98.2700,97.4500,97.7900,28062900
AAPL,20160606,98.6300,101.8900,97.5500,97.9900,23292500
AAPL,20160607,99.0300,99.8700,98.9600,99.2500,22409500
AAPL,20160608,98.9400,99.5600,98.6800,99.0200,20848100
AAPL,20160609,99.6500,99.9900,98.4600,98.5000,26601400
AAPL,20160610,98.8300,99.3500,98.4800,98.5300,31712900
AAPL,20160613,97.3400,99.1200,97.1000,98.6900,38020500
AAPL,20160614,97.4600,98.4800,96.7500,97.3200,31931900
AAPL,20160615,97.1400,98.4100,97.0300,97.8200,29445200
AAPL,20160616,97.5500,97.7500,96.0700,96.4500,31326800
AAPL,20160617,95.3300,96.6500,95.3000,96.6200,61008200
AAPL,20160620,95.1000,96.5700,95.0300,96.0000,34411900
AAPL,20160621,95.9100,96.3500,94.6800,94.9400,35546400
AAPL,20160622,95.5500,96.8900,95.3500,96.2500,29219100
AAPL,20160623,96.1000,96.2900,95.2500,95.9400,32240200
AAPL,20160624,93.4000,94.6600,92.6500,92.9100,75311400
AAPL,20160627,92.0400,93.0500,91.5000,93.0000,45489600
AAPL,20160628,93.5900,93.6600,92.1400,92.9000,40444900
AAPL,20160629,94.4000,94.5500,93.6300,93.9700,36531000
AAPL,20160630,95.6000,95.7700,94.3000,94.4400,35836400
AAPL,20160701,95.8900,96.4700,95.3300,95.4900,26026500
AAPL,20160705,94.9900,95.4000,94.4600,95.3900,27705200
AAPL,20160706,95.5300,95.6600,94.3700,94.6000,30949100
AAPL,20160707,95.9400,96.5000,95.6200,95.7000,25139600
AAPL,20160708,96.6800,96.8900,96.0500,96.4900,28912100
AAPL,20160711,96.9800,97.6500,96.7300,96.7500,23794900
AAPL,20160712,97.4200,97.7000,97.1200,97.1700,24167500
AAPL,20160713,96.8700,97.6700,96.8400,97.4100,25892200
AAPL,20160714,98.7900,98.9900,97.3200,97.3900,38919000
AAPL,20160715,98.7800,99.3000,98.5000,98.9200,30137000
AAPL,20160718,99.8300,100.1300,98.6000,98.7000,36493900
AAPL,20160719,99.8700,100.0000,99.3400,99.5600,23779900
AAPL,20160720,99.9600,100.4600,99.7400,100.0000,26276000
AAPL,20160721,99.4300,101.0000,99.1300,99.8300,32702000
AAPL,20160722,98.6600,99.3000,98.3100,99.2600,28313700
AAPL,20160725,97.3400,98.8400,96.9200,98.2500,40382900
AAPL,20160726,96.6700,97.9700,96.4200,96.8200,56239800
AAPL,20160727,102.9500,104.3500,102.7500,104.2700,92344800
AAPL,20160728,104.3400,104.4500,102.8200,102.8300,39869800
AAPL,20160729,104.2100,104.5500,103.6800,104.1900,27733700
AAPL,20160801,106.0500,106.1500,104.4100,104.4100,38167900
AAPL,20160802,104.4800,106.0700,104.0000,106.0500,33816600
AAPL,20160803,105.7900,105.8400,104.7700,104.8100,30202600
AAPL,20160804,105.8700,106.0000,105.2800,105.5800,27408700
AAPL,20160805,107.4800,107.6500,106.1800,106.2700,40553400
AAPL,20160808,108.3700,108.3700,107.1600,107.5200,28037200
AAPL,20160809,108.8100,108.9400,108.0100,108.2300,26315200
AAPL,20160810,108.0000,108.9000,107.7600,108.7100,24008500
AAPL,20160811,107.9300,108.9300,107.8500,108.5200,27484500
AAPL,20160812,108.1800,108.4400,107.7800,107.7800,18660400
AAPL,20160815,109.4800,109.5400,108.0800,108.1400,25868200
AAPL,20160816,109.3800,110.2300,109.2100,109.6300,33794400
AAPL,20160817,109.2200,109.3700,108.3400,109.1000,25356000
AAPL,20160818,109.0800,109.6000,109.0200,109.2300,21984700
AAPL,20160819,109.3600,109.6900,108.3600,108.7700,25368100
AAPL,20160822,108.5100,109.1000,107.8500,108.8600,25820200
AAPL,20160823,108.8500,109.3200,108.5300,108.5900,21257700
AAPL,20160824,108.0300,108.7500,107.6800,108.5700,23675100
AAPL,20160825,107.5700,107.8800,106.6800,107.3900,25086200
AAPL,20160826,106.9400,107.9500,106.3100,107.4100,27766300
AAPL,20160829,106.8200,107.4400,106.2900,106.6200,24970300
AAPL,20160830,106.0000,106.5000,105.5000,105.8000,24863900
AAPL,20160831,106.1000,106.5700,105.6400,105.6600,29662400
AAPL,20160901,106.7300,106.8000,105.6200,106.1400,26701500
AAPL,20160902,107.7300,108.0000,106.8200,107.7000,26802500
AAPL,20160906,107.7000,108.3000,107.5100,107.9000,26880400
AAPL,20160907,108.3600,108.7600,107.0700,107.8300,42364300
AAPL,20160908,105.5200,107.2700,105.2400,107.2500,53002000
AAPL,20160909,103.1300,105.7200,103.1300,104.6400,46557000
AAPL,20160912,105.4400,105.7200,102.5300,102.6500,45292800
AAPL,20160913,107.9500,108.7900,107.2400,107.5100,62176200
AAPL,20160914,111.7700,113.0300,108.6000,108.7300,110888704
AAPL,20160915,115.5700,115.7300,113.4900,113.8600,89983600
AAPL,20160916,114.9200,116.1300,114.0400,115.1200,79886896
AAPL,20160919,113.5800,116.1800,113.2500,115.1900,47023000
AAPL,20160920,113.5700,114.1200,112.5100,113.0500,34514300
AAPL,20160921,113.5500,113.9900,112.4400,113.8500,36003200
AAPL,20160922,114.6200,114.9400,114.0000,114.3500,31074000
AAPL,20160923,112.7100,114.7900,111.5500,114.4200,52481200
AAPL,20160926,112.8800,113.3900,111.5500,111.6400,29869400
AAPL,20160927,113.0900,113.1800,112.3400,113.0000,24607400
AAPL,20160928,113.9500,114.6400,113.4300,113.6900,29641100
AAPL,20160929,112.1800,113.8000,111.8000,113.1600,35887000
AAPL,20160930,113.0500,113.3700,111.8000,112.4600,36379100
AAPL,20161003,112.5200,113.0500,112.2800,112.7100,21701800
AAPL,20161004,113.0000,114.3100,112.6300,113.0600,29736800
AAPL,20161005,113.0500,113.6600,112.6900,113.4000,21453100
AAPL,20161006,113.8900,114.3400,113.1300,113.7000,28779300
AAPL,20161007,114.0600,114.5600,113.5100,114.3100,24358400
AAPL,20161010,116.0500,116.7500,114.7200,115.0200,36236000
AAPL,20161011,116.3000,118.6900,116.2000,117.7000,64041000
AAPL,20161012,117.3400,117.9800,116.7500,117.3500,37586800
AAPL,20161013,116.9800,117.4400,115.7200,116.7900,35192400
AAPL,20161014,117.6300,118.1700,117.1300,117.8800,35652200
AAPL,20161017,117.5500,117.8400,116.7800,117.3300,23624900
AAPL,20161018,117.4700,118.2100,117.4500,118.1800,24553500
AAPL,20161019,117.1200,117.7600,113.8000,117.2500,20034600
AAPL,20161020,117.0600,117.3800,116.3300,116.8600,24125800
AAPL,20161021,116.6000,116.9100,116.2800,116.8100,23192700
AAPL,20161024,117.6500,117.7400,117.0000,117.1000,23538700
AAPL,20161025,118.2500,118.3600,117.3100,117.9500,48129000
AAPL,20161026,115.5900,115.7000,113.3100,114.3100,66134200
AAPL,20161027,114.4800,115.8600,114.1000,115.3900,34562000
AAPL,20161028,113.7200,115.2100,113.4500,113.8700,37861700
AAPL,20161031,113.5400,114.2300,113.2000,113.6500,26419400
AAPL,20161101,111.4900,113.7700,110.5300,113.4600,43825800
AAPL,20161102,111.5900,112.3500,111.2300,111.4000,28331700
AAPL,20161103,109.8300,111.4600,109.5500,110.9800,26932600
AAPL,20161104,108.8400,110.2500,108.1100,108.5300,30837000
AAPL,20161107,110.4100,110.5100,109.4600,110.0800,32560000
AAPL,20161108,111.0600,111.7200,109.7000,110.3100,24054500
AAPL,20161109,110.8800,111.3200,108.0500,109.8800,59176400
AAPL,20161110,107.7900,111.0900,105.8300,111.0900,57134500
AAPL,20161111,108.4300,108.8700,106.5500,107.1200,34094100
AAPL,20161114,105.7100,107.8100,104.0800,107.7100,50872500
AAPL,20161115,107.1100,107.6800,106.1600,106.5700,32216900
AAPL,20161116,109.9900,110.2300,106.6000,106.7000,58702500
AAPL,20161117,109.9500,110.3500,108.8300,109.8100,26964600
AAPL,20161118,110.0600,110.5400,109.6600,109.7200,27404300
AAPL,20161121,111.7300,111.9900,110.0100,110.1200,29119100
AAPL,20161122,111.8000,112.4200,111.4000,111.9500,25922600
AAPL,20161123,111.2300,111.5100,110.3300,111.3600,27387900
AAPL,20161125,111.7900,111.8700,110.9500,111.1300,11424400
AAPL,20161128,111.5700,112.4700,111.3900,111.4300,27026600
AAPL,20161129,111.4600,112.0300,110.0700,110.7800,28459300
AAPL,20161130,110.5200,112.2000,110.2700,111.6000,35765000
AAPL,20161201,109.4900,110.9400,109.0300,110.3700,36825800
AAPL,20161202,109.9000,110.0900,108.8500,109.1700,26409800
AAPL,20161205,109.1100,110.0300,108.2500,110.0000,34037300
AAPL,20161206,109.9500,110.3600,109.1900,109.5000,26075900
AAPL,20161207,111.0300,111.1900,109.1600,109.2600,29853000
AAPL,20161208,112.1200,112.4300,110.6000,110.8600,26818500
AAPL,20161209,113.9500,114.7000,112.3100,112.3100,34274100
AAPL,20161212,113.3000,115.0000,112.4900,113.2900,26149100
AAPL,20161213,115.1900,115.9200,113.7500,113.8400,43167500
AAPL,20161214,115.1900,116.2000,114.9800,115.0400,33433200
AAPL,20161215,115.8200,116.7300,115.2300,115.3800,46232200
AAPL,20161216,115.9700,116.5000,115.6500,116.4700,44055400
AAPL,20161219,116.6400,117.3800,115.7500,115.8000,27675400
AAPL,20161220,116.9500,117.5000,116.6800,116.7400,20905800
AAPL,20161221,117.0600,117.4000,116.7800,116.8000,24216900
AAPL,20161222,116.2900,116.5100,115.6400,116.3500,25789800
AAPL,20161223,116.5200,116.5200,115.5900,115.5900,14181200
AAPL,20161227,117.2600,117.8000,116.4900,116.5200,18071900
AAPL,20161228,116.7600,118.0200,116.2000,117.5200,20582000
AAPL,20161229,116.7300,117.1100,116.4000,116.4500,14963300
AAPL,20161230,115.8200,117.2000,115.4300,116.6500,30253100
F,20160104,13.9700,14.0000,13.7500,13.8700,38618500
F,20160105,13.7200,14.0000,13.5100,13.9700,50267500
F,20160106,13.1100,13.5600,13.0500,13.5600,61285500
F,20160107,12.7000,13.0400,12.6000,12.9000,57846700
F,20160108,12.5400,13.1000,12.5000,13.0500,46199400
F,20160111,12.7700,12.8200,12.5500,12.8000,41269100
F,20160112,12.8500,13.0400,12.5800,13.0300,50983700
F,20160113,12.2000,12.8400,12.0600,12.7300,102174704
F,20160114,12.1900,12.3100,11.8200,12.1900,62938600
F,20160115,11.9700,12.0000,11.5800,11.8100,68051696
F,20160119,11.9500,12.1600,11.8200,12.1500,41142600
F,20160120,11.9000,12.0700,11.4700,11.7900,59879000
F,20160121,12.0100,12.2800,11.8600,12.0100,48841800
F,20160122,12.1400,12.3600,12.0300,12.2600,44537800
F,20160125,11.9800,12.3100,11.9300,12.3000,96738600
F,20160126,12.2600,12.3000,12.0400,12.1400,45969800
F,20160127,11.8500,12.1000,11.7300,12.0500,42064200
F,20160128,11.7100,12.0600,11.2000,12.0300,75699800
F,20160129,11.9400,11.9400,11.6500,11.8300,52137400
F,20160201,12.0700,12.1400,11.7300,11.9200,37301200
F,20160202,11.5100,12.0800,11.4500,11.9500,55649200
F,20160203,11.4600,11.6800,11.0200,11.6700,69454600
F,20160204,11.5300,11.6900,11.2600,11.3700,40223100
F,20160205,11.4500,11.7000,11.4200,11.5200,33322200
F,20160208,11.5900,11.6900,11.2500,11.3900,45274500
F,20160209,11.3500,11.6100,11.2200,11.4700,48956800
F,20160210,11.3400,11.5700,11.3300,11.4600,38160300
F,20160211,11.1700,11.4300,11.1000,11.1700,45801300
F,20160212,11.5500,11.5800,11.1800,11.2500,28085000
F,20160216,11.8700,11.8800,11.5300,11.7500,41072100
F,20160217,12.2700,12.3000,11.9800,11.9900,37766400
F,20160218,12.2600,12.4400,12.1200,12.4000,28784700
F,20160219,12.1000,12.2200,12.0100,12.1900,26479300
F,20160222,12.5600,12.5600,12.1000,12.1000,33549700
F,20160223,12.4200,12.6500,12.4200,12.5300,30136700
F,20160224,12.0800,12.1100,11.6000,12.1100,60608400
F,20160225,12.3900,12.4000,12.0500,12.1100,32024800
F,20160226,12.4700,12.5900,12.4000,12.5200,30228800
F,20160229,12.5100,12.6500,12.3900,12.4200,32999100
F,20160301,13.0900,13.1200,12.7200,13.0100,71523904
F,20160302,13.2200,13.3500,13.0400,13.0600,36598200
F,20160303,13.5400,13.6100,13.2400,13.2500,44524500
F,20160304,13.5900,13.8600,13.4300,13.5600,31818600
F,20160307,13.6200,13.7400,13.4500,13.4600,26131400
F,20160308,13.2300,13.5800,13.1500,13.5100,34770600
F,20160309,13.1900,13.3200,13.0100,13.2500,34146200
F,20160310,13.1500,13.2800,12.9200,13.2500,39076500
F,20160311,13.2900,13.3000,13.2000,13.2600,27583000
F,20160314,13.2700,13.3700,13.1800,13.2800,20609600
F,20160315,13.2300,13.2400,13.0500,13.1200,27729900
F,20160316,13.5000,13.5100,13.1800,13.2100,47035000
F,20160317,13.4700,13.6800,13.3900,13.4700,31521700
F,20160318,13.6400,13.7000,13.4900,13.5400,32182400
F,20160321,13.6600,13.7600,13.5600,13.6400,20905200
F,20160322,13.5900,13.7300,13.5100,13.6500,26148000
F,20160323,13.2600,13.6100,13.1900,13.5700,31535500
F,20160324,13.0600,13.1200,12.7800,13.1100,36203200
F,20160328,13.0900,13.1700,13.0700,13.1300,18684200
F,20160329,13.2000,13.2000,12.9700,13.0500,26077400
F,20160330,13.3500,13.4400,13.2500,13.2800,25322500
F,20160331,13.5000,13.5200,13.3400,13.3400,32943400
F,20160401,13.1000,13.3300,13.0500,13.2800,57914000
F,20160404,12.8000,13.1200,12.7600,13.1100,42406300
F,20160405,12.7700,12.8500,12.5200,12.7300,32425000
F,20160406,12.8200,12.8700,12.6500,12.7500,22597400
F,20160407,12.5200,12.7900,12.3900,12.7700,37688100
F,20160408,12.5500,12.7800,12.5100,12.6200,20015300
F,20160411,12.6600,12.8000,12.5800,12.6100,27744800
F,20160412,12.8100,12.8400,12.6600,12.7200,23417000
F,20160413,13.0600,13.1200,12.8500,12.8700,29331100
F,20160414,13.0900,13.1800,13.0200,13.0900,22453700
F,20160415,12.9400,13.1200,12.8500,13.1000,22986100
F,20160418,13.2500,13.2800,12.9500,12.9800,30091900
F,20160419,13.4400,13.5000,13.2800,13.3500,28808300
F,20160420,13.6400,13.7200,13.4000,13.4200,32199000
F,20160421,13.6500,13.8800,13.5600,13.8100,38126300
F,20160422,13.6100,13.7800,13.5100,13.6300,28846300
F,20160425,13.5800,13.6500,13.4700,13.5900,19494800
F,20160426,13.7500,13.8200,13.6300,13.6600,35214200
F,20160427,13.6600,13.7100,13.5900,13.6400,27151400
F,20160428,14.0900,14.2200,13.7100,13.7900,87588800
F,20160429,13.5600,14.0300,13.5300,13.9300,69695104
F,20160502,13.6200,13.7900,13.6000,13.6700,57955400
F,20160503,13.4300,13.5500,13.1500,13.5000,45432200
F,20160504,13.3100,13.3800,13.1400,13.2900,28895000
F,20160505,13.3200,13.4300,13.2200,13.3500,23838100
F,20160506,13.4400,13.4800,13.2400,13.2600,23234500
F,20160509,13.3200,13.5000,13.2800,13.4200,21602000
F,20160510,13.4900,13.5200,13.3800,13.3800,23583400
F,20160511,13.3200,13.5400,13.3000,13.4400,20229600
F,20160512,13.3500,13.4700,13.1700,13.4000,24784300
F,20160513,13.2200,13.5200,13.1700,13.3400,27481900
F,20160516,13.3200,13.3800,13.2100,13.2200,21262700
F,20160517,13.1400,13.3100,13.0700,13.1400,34165300
F,20160518,13.1600,13.3400,13.0500,13.1200,23509700
F,20160519,13.0900,13.2000,13.0200,13.1000,24117800
F,20160520,13.1900,13.2600,13.1300,13.1500,19465000
F,20160523,13.1300,13.2000,13.1100,13.1400,16234300
F,20160524,13.2900,13.3000,13.1600,13.1600,19721600
F,20160525,13.5200,13.6000,13.3300,13.3300,26188300
F,20160526,13.4600,13.6800,13.3700,13.5900,18369900
F,20160527,13.4500,13.5400,13.4000,13.4800,17068800
F,20160531,13.4900,13.5600,13.4000,13.4900,26096000
F,20160601,13.1100,13.4400,12.9700,13.4300,58219600
F,20160602,13.2100,13.3200,13.0500,13.0900,41614600
F,20160603,13.0400,13.1400,12.9000,13.1400,39762700
F,20160606,13.1800,13.2100,13.0400,13.0800,25588700
F,20160607,13.3800,13.4500,13.1800,13.2300,27656900
F,20160608,13.3600,13.4900,13.3500,13.4500,18084800
F,20160609,13.2600,13.3000,13.1400,13.2600,19873800
F,20160610,13.1000,13.2500,13.0500,13.1700,27382700
F,20160613,12.9800,13.1300,12.9600,13.0700,20745800
F,20160614,12.8400,13.0700,12.7600,12.9900,30546000
F,20160615,13.0100,13.1600,12.8800,12.9100,25829700
F,20160616,13.1200,13.1400,12.8500,12.9300,26581200
F,20160617,13.2600,13.4000,13.1500,13.1600,37364900
F,20160620,13.4200,13.5500,13.3900,13.3900,29666700
F,20160621,13.2200,13.4400,13.1800,13.4400,36721800
F,20160622,13.1800,13.3100,13.1500,13.2300,20666600
F,20160623,13.4000,13.4100,13.2800,13.2900,24579700
F,20160624,12.5200,12.9100,12.4500,12.7900,96887296
F,20160627,12.1600,12.4300,12.0000,12.4300,52731800
F,20160628,12.3900,12.4400,12.2100,12.4200,40640400
F,20160629,12.5500,12.5800,12.3600,12.4900,31937900
F,20160630,12.5700,12.5700,12.2600,12.5600,44983800
F,20160701,12.7200,12.8900,12.6900,12.8800,45067800
F,20160705,12.4000,12.5900,12.3100,12.5700,30243300
F,20160706,12.5700,12.5800,12.2100,12.3200,35091200
F,20160707,12.7500,12.8400,12.5700,12.5700,33473000
F,20160708,13.0900,13.1700,12.8900,12.8900,45945200
F,20160711,13.2700,13.3300,13.1300,13.1700,28626300
F,20160712,13.4500,13.5400,13.3800,13.3800,31320100
F,20160713,13.4800,13.5100,13.3100,13.4900,26779800
F,20160714,13.5900,13.7000,13.5500,13.5700,31803000
F,20160715,13.5700,13.6700,13.5300,13.6300,19546300
F,20160718,13.6500,13.6800,13.4200,13.5600,22545800
F,20160719,13.6500,13.7200,13.5000,13.5600,26183400
F,20160720,13.7400,13.7800,13.5600,13.6100,22588900
F,20160721,13.9200,14.0400,13.8600,13.8700,40574400
F,20160722,13.8400,13.9300,13.7100,13.9200,25134100
F,20160725,13.8300,13.9500,13.7600,13.8600,26248500
F,20160726,13.8600,13.8800,13.6900,13.7300,28467200
F,20160727,13.8400,13.9900,13.7500,13.8600,34625500
F,20160728,12.7100,12.8600,12.4500,12.7800,142168608
F,20160729,12.6600,12.8800,12.6000,12.6100,59754100
F,20160801,12.4800,12.6200,12.4000,12.6100,51963100
F,20160802,11.9400,12.3600,11.9000,12.3500,101624896
F,20160803,12.1300,12.2000,11.9400,12.0200,47323300
F,20160804,12.0800,12.2300,12.0500,12.1200,38443200
F,20160805,12.1900,12.2600,12.1600,12.1600,31219500
F,20160808,12.1800,12.3300,12.1500,12.2200,33310600
F,20160809,12.3100,12.3800,12.1500,12.1600,30097800
F,20160810,12.2500,12.3600,12.2300,12.3000,24555800
F,20160811,12.3100,12.3700,12.2600,12.3100,24987300
F,20160812,12.3300,12.3700,12.2500,12.2900,18816900
F,20160815,12.4300,12.4400,12.3600,12.3700,16371100
F,20160816,12.3400,12.4300,12.3300,12.3500,20450100
F,20160817,12.3900,12.3900,12.2300,12.3300,23434500
F,20160818,12.3300,12.3600,12.2700,12.3300,23629500
F,20160819,12.3900,12.4100,12.2500,12.3000,21891400
F,20160822,12.3600,12.3800,12.2900,12.3500,22458400
F,20160823,12.4200,12.4300,12.3300,12.4000,34634100
F,20160824,12.3000,12.4400,12.2800,12.4100,19999600
F,20160825,12.4700,12.5200,12.2100,12.3000,44713700
F,20160826,12.3800,12.5500,12.3400,12.4700,22645900
F,20160829,12.4700,12.5000,12.3800,12.3800,22243200
F,20160830,12.5500,12.5600,12.4300,12.4700,26040400
F,20160831,12.6000,12.6100,12.4800,12.4800,26030600
F,20160901,12.4400,12.7200,12.3500,12.6600,40510400
F,20160902,12.5000,12.5700,12.4600,12.5300,21079800
F,20160906,12.6700,12.6700,12.4300,12.4900,36098900
F,20160907,12.7000,12.7500,12.6200,12.6200,22879100
F,20160908,12.7300,12.7500,12.5000,12.5000,34017900
F,20160909,12.3800,12.6900,12.3800,12.6100,35733600
F,20160912,12.7000,12.7700,12.2800,12.3200,42690200
F,20160913,12.3800,12.6800,12.3300,12.5300,56549100
F,20160914,12.1400,12.3100,12.1100,12.1800,62450600
F,20160915,12.1100,12.1800,12.0600,12.1400,57334800
F,20160916,12.1100,12.1300,12.0100,12.0500,26271600
F,20160919,12.1100,12.3300,12.0600,12.1200,41175500
F,20160920,12.0000,12.1900,11.9600,12.0900,37820800
F,20160921,12.0900,12.1100,12.0100,12.0800,32934600
F,20160922,12.1800,12.2900,12.1600,12.1700,36136200
F,20160923,12.1700,12.2200,12.1200,12.1200,18993500
F,20160926,12.0100,12.1200,12.0000,12.1200,26758600
F,20160927,11.9800,12.0900,11.9300,12.0200,28965800
F,20160928,12.0900,12.0900,11.9600,12.0200,29341500
F,20160929,11.9700,12.1200,11.9500,12.0300,23397400
F,20160930,12.0700,12.1400,11.9900,12.0000,34903800
F,20161003,12.1000,12.1500,12.0200,12.0600,20683100
F,20161004,12.2000,12.2500,12.0900,12.1100,23948700
F,20161005,12.4800,12.5300,12.2200,12.2200,55529100
F,20161006,12.3900,12.5100,12.3300,12.4300,25880900
F,20161007,12.2900,12.4200,12.2000,12.3900,22093200
F,20161010,12.1200,12.3800,12.1000,12.3500,24951400
F,20161011,11.9900,12.1700,11.9100,12.1700,40053500
F,20161012,11.9600,12.0100,11.9400,12.0000,20627000
F,20161013,11.9100,11.9100,11.6900,11.9100,39904200
F,20161014,11.9100,12.0000,11.8900,11.9600,25775700
F,20161017,11.8800,12.0000,11.8800,11.9100,19875000
F,20161018,11.8900,11.9300,11.7100,11.9200,39911300
F,20161019,12.0100,12.0500,11.8800,11.8900,26094000
F,20161020,11.9700,12.0300,11.9000,12.0200,18116000
F,20161021,12.0200,12.0400,11.8500,11.9300,24364200
F,20161024,12.1900,12.2000,12.0600,12.0600,33733600
F,20161025,11.8500,12.1000,11.7600,12.0500,42486000
F,20161026,11.8800,11.9300,11.7600,11.8000,36219900
F,20161027,11.7400,11.8300,11.6000,11.8100,48402000
F,20161028,11.7200,11.8500,11.6300,11.7400,37142400
F,20161031,11.7400,11.8100,11.6900,11.7500,31898400
F,20161101,11.6100,11.8400,11.5000,11.7800,35613600
F,20161102,11.4000,11.5600,11.3600,11.5100,36229400
F,20161103,11.3500,11.4600,11.2700,11.3900,38563800
F,20161104,11.3400,11.5000,11.3000,11.3100,24752400
F,20161107,11.5800,11.6200,11.3900,11.5200,25120700
F,20161108,11.4800,11.5100,11.3500,11.5000,28456100
F,20161109,11.5800,11.6300,11.0700,11.1500,60625700
F,20161110,11.9400,11.9800,11.5800,11.5800,52756500
F,20161111,12.2800,12.4000,11.8400,11.8800,79135104
F,20161114,12.0600,12.5000,12.0200,12.2700,56109900
F,20161115,12.0400,12.1400,11.9500,12.0600,31498500
F,20161116,12.0000,12.0500,11.9200,12.0000,25195500
F,20161117,11.8700,11.9600,11.7800,11.9000,38502500
F,20161118,11.7600,11.9000,11.7300,11.8700,30662000
F,20161121,11.7900,11.9000,11.7700,11.7700,19508600
F,20161122,11.8900,11.9100,11.7300,11.7600,24274700
F,20161123,11.9000,12.0000,11.8500,11.9000,22414000
F,20161125,12.0400,12.0600,11.9300,11.9500,11439600
F,20161128,11.9200,12.0500,11.8900,12.0200,24407200
F,20161129,11.9200,12.0000,11.8700,11.9300,23690800
F,20161130,11.9600,12.1400,11.9200,11.9700,47646200
F,20161201,12.4300,12.8000,12.1800,12.2300,95143600
F,20161202,12.2400,12.5800,12.1500,12.5800,38601600
F,20161205,12.4400,12.5000,12.2900,12.3100,36118300
F,20161206,12.5600,12.5900,12.3700,12.4000,23668100
F,20161207,13.0600,13.1500,12.5400,12.5900,58440500
F,20161208,13.0300,13.1500,12.9700,13.0700,41451800
F,20161209,13.1700,13.2000,12.9100,13.0000,45233200
F,20161212,12.8200,13.1000,12.8100,13.0800,39544700
F,20161213,12.7700,12.8800,12.7500,12.8400,38816300
F,20161214,12.5300,12.7900,12.5000,12.6500,42243500
F,20161215,12.5800,12.7200,12.5200,12.5400,23672100
F,20161216,12.6300,12.7000,12.5600,12.6600,28099200
F,20161219,12.6600,12.8000,12.5900,12.5900,22780900
F,20161220,12.7800,12.8200,12.6800,12.7000,17752900
F,20161221,12.6400,12.7700,12.6400,12.7300,18056600
F,20161222,12.4000,12.6400,12.4000,12.6300,27556900
F,20161223,12.4600,12.4600,12.3600,12.4300,15578200
F,20161227,12.3900,12.5100,12.3600,12.4300,19403000
F,20161228,12.2500,12.4500,12.2200,12.3700,26678100
F,20161229,12.2300,12.3100,12.2200,12.2500,19714400
F,20161230,12.1300,12.2800,12.0800,12.2400,27288100
